Row Labels,Average of winpercent,,,,,
FALSE,42.142257,,,,,
TRUE,60.92152941,,,,42.142257,-18.779272
Grand Total,50.31676381,,,,60.92152941,
